G-D,31
B-E,26
F-E,26
H-E,25
F-A,25
C-G,24
E-H,23
F-H,22
H-F,22
H-D,22
E-F,21
F-C,21
H-G,20
C-A,20
H-A,20
C-D,20
A-C,19
E-C,19
A-H,19
D-E,19
A-G,19
B-F,19
E-B,19
D-A,19
G-A,18
G-B,18
D-C,18
C-E,18
A-D,17
D-B,17
E-G,17
B-C,17
B-D,17
D-F,16
B-H,16
H-B,16
F-D,16
A-E,16
C-H,16
D-G,16
C-F,15
G-C,15
D-H,15
A-F,15
F-G,15
G-E,14
B-G,14
C-B,14
A-B,13
H-C,13
F-B,13
G-H,13
B-A,13
E-D,12
G-F,11
E-A,6
